modified	0	32	app/src/adb/adb.c
modified	6	0	app/src/adb/adb_device.c
modified	86	53	app/src/adb/adb_parser.c
modified	70	24	app/src/audio_player.c
modified	6	2	app/src/audio_player.h
modified	333	150	app/src/cli.c
modified	1	0	app/src/cli.h
modified	1	23	app/src/compat.h
modified	23	0	app/src/control_msg.c
modified	11	0	app/src/control_msg.h
modified	38	5	app/src/controller.c
modified	14	0	app/src/controller.h
modified	57	4	app/src/decoder.c
modified	4	0	app/src/decoder.h
modified	100	43	app/src/delay_buffer.c
modified	13	4	app/src/delay_buffer.h
modified	109	51	app/src/demuxer.c
added	88	0	app/src/disconnect.c
added	47	0	app/src/disconnect.h
removed	0	351	app/src/display.c
removed	0	64	app/src/display.h
modified	39	41	app/src/events.c
modified	19	10	app/src/events.h
modified	6	21	app/src/frame_buffer.c
modified	4	6	app/src/frame_buffer.h
modified	1	1	app/src/hid/hid_keyboard.h
modified	28	7	app/src/hid/hid_mouse.c
modified	9	1	app/src/hid/hid_mouse.h
modified	59	47	app/src/icon.c
modified	6	3	app/src/icon.h
modified	92	97	app/src/input_events.h
modified	338	213	app/src/input_manager.c
modified	7	2	app/src/input_manager.h
modified	16	8	app/src/main.c
modified	19	42	app/src/mouse_capture.c
modified	1	1	app/src/mouse_capture.h
modified	13	5	app/src/opengl.c
modified	4	1	app/src/opengl.h
modified	9	1	app/src/options.c
modified	15	0	app/src/options.h
modified	13	9	app/src/receiver.c
modified	14	8	app/src/recorder.c
modified	77	132	app/src/scrcpy.c
modified	659	306	app/src/screen.c
modified	59	25	app/src/screen.h
added	47	0	app/src/sdl_hints.c
added	12	0	app/src/sdl_hints.h
modified	16	0	app/src/server.c
modified	5	0	app/src/server.h
modified	14	14	app/src/shortcut_mod.h
modified	5	16	app/src/sys/win/process.c
added	235	0	app/src/texture.c
added	47	0	app/src/texture.h
modified	10	1	app/src/trait/frame_sink.h
modified	18	2	app/src/trait/frame_source.c
modified	6	1	app/src/trait/frame_source.h
modified	18	1	app/src/trait/packet_sink.h
modified	18	2	app/src/trait/packet_source.c
modified	6	1	app/src/trait/packet_source.h
modified	4	5	app/src/uhid/gamepad_uhid.c
modified	4	4	app/src/uhid/keyboard_uhid.c
modified	4	1	app/src/uhid/mouse_uhid.c
modified	2	0	app/src/uhid/mouse_uhid.h
modified	5	3	app/src/usb/aoa_hid.c
modified	4	1	app/src/usb/mouse_aoa.c
modified	2	0	app/src/usb/mouse_aoa.h
modified	60	37	app/src/usb/scrcpy_otg.c
removed	0	326	app/src/usb/screen_otg.c
removed	0	52	app/src/usb/screen_otg.h
added	98	0	app/src/util/command.c
added	17	0	app/src/util/command.h
modified	20	16	app/src/util/file.c
modified	9	0	app/src/util/file.h
modified	10	6	app/src/util/log.c
modified	1	1	app/src/util/log.h
added	128	0	app/src/util/sdl.c
added	40	0	app/src/util/sdl.h
modified	0	15	app/src/util/str.c
modified	0	8	app/src/util/str.h
modified	22	64	app/src/util/thread.c
modified	7	6	app/src/util/thread.h
modified	3	3	app/src/util/vecdeque.h
modified	9	9	app/src/util/vector.h
modified	12	9	app/src/v4l2_sink.c
modified	8	5	app/src/version.c
modified	3	4	server/build.gradle
modified	3	1	server/build_without_gradle.sh
modified	59	11	server/src/main/java/com/genymobile/scrcpy/Options.java
modified	22	7	server/src/main/java/com/genymobile/scrcpy/Server.java
modified	1	1	server/src/main/java/com/genymobile/scrcpy/audio/AudioCodec.java
modified	8	8	server/src/main/java/com/genymobile/scrcpy/audio/AudioEncoder.java
modified	30	1	server/src/main/java/com/genymobile/scrcpy/control/ControlMessage.java
modified	18	1	server/src/main/java/com/genymobile/scrcpy/control/ControlMessageReader.java
modified	209	88	server/src/main/java/com/genymobile/scrcpy/control/Controller.java
modified	1	1	server/src/main/java/com/genymobile/scrcpy/control/Pointer.java
modified	1	1	server/src/main/java/com/genymobile/scrcpy/control/PointersState.java
modified	3	3	server/src/main/java/com/genymobile/scrcpy/control/PositionMapper.java
modified	8	1	server/src/main/java/com/genymobile/scrcpy/device/Device.java
removed	0	112	server/src/main/java/com/genymobile/scrcpy/device/Size.java
modified	26	11	server/src/main/java/com/genymobile/scrcpy/device/Streamer.java
renamed	3	1	server/src/main/java/com/genymobile/scrcpy/display/DisplayInfo.java
renamed	36	33	server/src/main/java/com/genymobile/scrcpy/display/DisplayMonitor.java
added	52	0	server/src/main/java/com/genymobile/scrcpy/display/DisplayProperties.java
added	84	0	server/src/main/java/com/genymobile/scrcpy/display/DisplayPropertiesTracker.java
added	85	0	server/src/main/java/com/genymobile/scrcpy/display/DisplayResizeDebouncer.java
renamed	1	1	server/src/main/java/com/genymobile/scrcpy/model/Codec.java
renamed	1	1	server/src/main/java/com/genymobile/scrcpy/model/CodecOption.java
renamed	1	1	server/src/main/java/com/genymobile/scrcpy/model/ConfigurationException.java
renamed	1	1	server/src/main/java/com/genymobile/scrcpy/model/DeviceApp.java
renamed	1	1	server/src/main/java/com/genymobile/scrcpy/model/NewDisplay.java
renamed	6	1	server/src/main/java/com/genymobile/scrcpy/model/Orientation.java
renamed	1	1	server/src/main/java/com/genymobile/scrcpy/model/Point.java
renamed	1	1	server/src/main/java/com/genymobile/scrcpy/model/Position.java
added	144	0	server/src/main/java/com/genymobile/scrcpy/model/Size.java
modified	2	16	server/src/main/java/com/genymobile/scrcpy/opengl/OpenGLRunner.java
modified	2	2	server/src/main/java/com/genymobile/scrcpy/util/AffineMatrix.java
modified	38	7	server/src/main/java/com/genymobile/scrcpy/util/LogUtils.java
modified	156	57	server/src/main/java/com/genymobile/scrcpy/video/CameraCapture.java
added	42	0	server/src/main/java/com/genymobile/scrcpy/video/CaptureControl.java
removed	0	37	server/src/main/java/com/genymobile/scrcpy/video/CaptureReset.java
modified	140	37	server/src/main/java/com/genymobile/scrcpy/video/NewDisplayCapture.java
modified	41	33	server/src/main/java/com/genymobile/scrcpy/video/ScreenCapture.java
modified	18	29	server/src/main/java/com/genymobile/scrcpy/video/SurfaceCapture.java
modified	76	22	server/src/main/java/com/genymobile/scrcpy/video/SurfaceEncoder.java
modified	1	1	server/src/main/java/com/genymobile/scrcpy/video/VideoCodec.java
added	86	0	server/src/main/java/com/genymobile/scrcpy/video/VideoConstraints.java
modified	2	2	server/src/main/java/com/genymobile/scrcpy/video/VideoFilter.java
modified	2	2	server/src/main/java/com/genymobile/scrcpy/wrappers/DisplayManager.java
modified	32	0	server/src/main/java/com/genymobile/scrcpy/wrappers/PowerManager.java
modified	70	0	server/src/test/java/com/genymobile/scrcpy/control/ControlMessageReaderTest.java
renamed	1	1	server/src/test/java/com/genymobile/scrcpy/model/CodecOptionsTest.java
added	75	0	server/src/test/java/com/genymobile/scrcpy/model/SizeTest.java
modified	1	1	server/src/test/java/com/genymobile/scrcpy/util/CommandParserTest.java
